,Income level,Forget ratio,Total images per income level,Forgotten images
0,upper-middle,0.5719902149222436,11446,6547
1,lower-middle,0.7025552423388197,10997,7726
2,rich,0.5751617720258835,12054,6933
3,poor,0.8658931462493255,11118,9627
